﻿{"name":"GA_4Dv14_103/components/detailTemps.waComponent","version":"1.0.0","webComponent":"components/detailTemps.waComponent/detailTemps.js","loadDependencies":[{"id":"Widget/container","type":"widget"},{"id":"Widget/button","type":"widget"},{"id":"Widget/dialog","type":"widget"},{"id":"Widget/label","type":"widget"},{"id":"Widget/textField","type":"widget"},{"id":"Widget/richText","type":"widget"},{"id":"Widget/combobox","type":"widget"},{"id":"Widget/dataGrid","type":"widget"},{"id":"components/detailTemps.waComponent/detailTemps.html","path":"WEBFOLDER","type":"html"},{"id":"components/detailTemps.waComponent/detailTemps.css","path":"WEBFOLDER","type":"style"},{"id":"components/detailTemps.waComponent/detailTemps.js","path":"WEBFOLDER","type":"script"}]}